{"sections":{"cfca4268-6358-426c-98ab-d292aeef11e5":{"type":"slideshow","blocks":{"template--21507361505575__cfca4268-6358-426c-98ab-d292aeef11e5-slide-1":{"type":"slide","settings":{"heading":"Image slide","heading_size":"h1","subheading":"Tell your brand's story through images","button_label":"Button label","link":"","button_style_secondary":false,"atc_button_label":"","atc_product":"","box_align":"middle-center","show_text_box":true,"text_alignment":"center","image_overlay_opacity":0,"color_scheme":"background-1","transparent_container_color":"white","text_alignment_mobile":"center"}},"template--21507361505575__cfca4268-6358-426c-98ab-d292aeef11e5-slide-2":{"type":"slide","settings":{"heading":"Image slide","heading_size":"h1","subheading":"Tell your brand's story through images","button_label":"Button label","link":"","button_style_secondary":false,"atc_button_label":"","atc_product":"","box_align":"middle-center","show_text_box":true,"text_alignment":"center","image_overlay_opacity":0,"color_scheme":"background-1","transparent_container_color":"white","text_alignment_mobile":"center"}}},"block_order":["template--21507361505575__cfca4268-6358-426c-98ab-d292aeef11e5-slide-1","template--21507361505575__cfca4268-6358-426c-98ab-d292aeef11e5-slide-2"],"settings":{"visibility":"always-display","layout":"full_bleed","slide_height":"medium","slider_visual":"dots","desktop_pagination_position":"over","auto_rotate":false,"change_slides_speed":5,"show_text_below":true,"mobile_pagination_position":"under","accessibility_info":"Slideshow about our brand"}},"d2d3417b-e92f-428c-b221-5bceffb552be":{"type":"comparison-table","blocks":{"template--21507361505575__d2d3417b-e92f-428c-b221-5bceffb552be-row-1":{"type":"row","settings":{"benefit":"Benefit","us":true,"others":false}},"template--21507361505575__d2d3417b-e92f-428c-b221-5bceffb552be-row-2":{"type":"row","settings":{"benefit":"Benefit","us":true,"others":false}},"template--21507361505575__d2d3417b-e92f-428c-b221-5bceffb552be-row-3":{"type":"row","settings":{"benefit":"Benefit","us":true,"others":false}}},"block_order":["template--21507361505575__d2d3417b-e92f-428c-b221-5bceffb552be-row-1","template--21507361505575__d2d3417b-e92f-428c-b221-5bceffb552be-row-2","template--21507361505575__d2d3417b-e92f-428c-b221-5bceffb552be-row-3"],"settings":{"display_id":false,"visibility":"always-display","title":"Comparison table","heading_size":"h1","text":"<p>Talk about how and why is your brand better than the others.<\/p>","button_label":"","link":"","button_style_secondary":false,"atc_button_label":"","atc_product":"","color_scheme":"background-1","layout":"table_second","style":"centered","logo_width":90,"mobile_logo_width":60,"us_label":"[shop_name]","us_label_size":18,"others_label":"Others","others_label_size":18,"checkmark_style":"regular","checkmark_color":"#ffffff","checkmark_bg_color":"#53af01","x_style":"regular","x_color":"#121212","x_bg_color":"#dbdbdb","opposite_icon_colors":"original","highlighted_color_scheme":"accent-1","highlighted_separator_opacity":0,"highlighted_overlay_opacity":0,"other_cells_color_scheme":"background-1","regular_separator_opacity":10,"regular_overlay_opacity":0,"minimalistic_border_opacity":16,"padding_top":36,"padding_bottom":36}},"6aa09428-a417-429d-9159-a4e8afd49590":{"type":"icon-bar","blocks":{"template--21507361505575__6aa09428-a417-429d-9159-a4e8afd49590-column-1":{"type":"column","settings":{"icon":"check_circle","filled_icon":false,"title":"Icon","text":"<p>Pair text with an icon to focus on your chosen product, collection, or blog post<p>"}},"template--21507361505575__6aa09428-a417-429d-9159-a4e8afd49590-column-2":{"type":"column","settings":{"icon":"check_circle","filled_icon":false,"title":"Icon","text":"<p>Pair text with an icon to focus on your chosen product, collection, or blog post<p>"}},"template--21507361505575__6aa09428-a417-429d-9159-a4e8afd49590-column-3":{"type":"column","settings":{"icon":"check_circle","filled_icon":false,"title":"Icon","text":"<p>Pair text with an icon to focus on your chosen product, collection, or blog post<p>"}},"template--21507361505575__6aa09428-a417-429d-9159-a4e8afd49590-column-4":{"type":"column","settings":{"icon":"check_circle","filled_icon":false,"title":"Icon","text":"<p>Pair text with an icon to focus on your chosen product, collection, or blog post<p>"}}},"block_order":["template--21507361505575__6aa09428-a417-429d-9159-a4e8afd49590-column-1","template--21507361505575__6aa09428-a417-429d-9159-a4e8afd49590-column-2","template--21507361505575__6aa09428-a417-429d-9159-a4e8afd49590-column-3","template--21507361505575__6aa09428-a417-429d-9159-a4e8afd49590-column-4"],"settings":{"display_id":false,"visibility":"always-display","title":"Icon bar","heading_size":"h1","text":"","color_scheme":"background-1","icon_layout":"vertical","icon_size":"medium","icon_color":"accent-1","cards_color_scheme":"background-1","type":"slide","autoplay":false,"autoplay_speed":5,"arrows_color_scheme":"inverse","transparent_arrows":true,"dots_color_scheme":"inverse","desktop_full_page":false,"columns_desktop":4,"slider_desktop":false,"per_move_desktop":1,"desktop_spacing":40,"desktop_side_padding":0,"desktop_padding_calc":true,"desktop_adaptive_height":false,"desktop_dots_position":"under","desktop_arrows_position":"sides","columns_mobile":"1","slider_mobile":true,"enable_mobile_preview":false,"mobile_adaptive_height":false,"mobile_dots_position":"under","mobile_arrows_position":"under","padding_top":36,"padding_bottom":36}},"0f1fc9e4-bc4c-4052-9747-62d1f8472caa":{"type":"results","blocks":{"template--21507361505575__0f1fc9e4-bc4c-4052-9747-62d1f8472caa-row-1":{"type":"row","settings":{"percentage":90,"row_text":"<p>Noticed that this product has significantly improved their life.<\/p>"}},"template--21507361505575__0f1fc9e4-bc4c-4052-9747-62d1f8472caa-row-2":{"type":"row","settings":{"percentage":90,"row_text":"<p>Noticed that this product has significantly improved their life.<\/p>"}},"template--21507361505575__0f1fc9e4-bc4c-4052-9747-62d1f8472caa-row-3":{"type":"row","settings":{"percentage":90,"row_text":"<p>Noticed that this product has significantly improved their life.<\/p>"}}},"block_order":["template--21507361505575__0f1fc9e4-bc4c-4052-9747-62d1f8472caa-row-1","template--21507361505575__0f1fc9e4-bc4c-4052-9747-62d1f8472caa-row-2","template--21507361505575__0f1fc9e4-bc4c-4052-9747-62d1f8472caa-row-3"],"settings":{"display_id":false,"visibility":"always-display","title":"Results","heading_size":"h1","text":"<p>Talk about results of your customers and how your product improved their life.<\/p>","color_scheme":"background-1","layout":"results_second","results_headline":"Results heading","results_headline_size":"h2","results_headline_alignment":"left","caption":"<p>Caption about the results and\/or link for their proof.<\/p>","button_label":"","link":"","button_style_secondary":false,"atc_button_label":"","atc_product":"","padding_top":36,"padding_bottom":36}},"ee8d9ca6-4a41-401f-83a3-37e138a112b9":{"type":"contact-form","settings":{"display_id":false,"visibility":"always-display","heading":"Contact form","heading_size":"h1","button_full_width":true,"color_scheme":"background-1","padding_top":36,"padding_bottom":36}}},"order":["cfca4268-6358-426c-98ab-d292aeef11e5","d2d3417b-e92f-428c-b221-5bceffb552be","6aa09428-a417-429d-9159-a4e8afd49590","0f1fc9e4-bc4c-4052-9747-62d1f8472caa","ee8d9ca6-4a41-401f-83a3-37e138a112b9"]}