{"name":"t:sections.footer.name","type":"footer","sections":{"footer":{"type":"footer","blocks":{"fc645871-d789-4cfa-8584-4f8a29b6ce92":{"type":"image","settings":{"image_width":100,"alignment":"center","width_desktop":4,"width_mobile":"2"}},"1c647602-cc00-4009-a058-976435c8ee9e":{"type":"link_list","settings":{"heading":"Quick links","menu":"footer","width_desktop":4,"width_mobile":"1"}},"24f208fd-0898-43eb-af23-d74f8420ab37":{"type":"email_signup","settings":{"heading":"Subscribe to our emails","subtext":"<p>A short sentence encouraging customers to subscribe to your newsletter.<\/p>","button_type":"solid","button_label":"Sign up","button_style_secondary":false,"width_desktop":4,"width_mobile":"2"}}},"block_order":["fc645871-d789-4cfa-8584-4f8a29b6ce92","1c647602-cc00-4009-a058-976435c8ee9e","24f208fd-0898-43eb-af23-d74f8420ab37"],"settings":{"color_scheme":"accent-1","enable_follow_on_shop":false,"show_social":false,"enable_country_selector":false,"enable_language_selector":true,"payment_enable":true,"show_policy":false,"branding_text":"Powered by Shrine","margin_top":0,"padding_top":32,"padding_bottom":20}}},"order":["footer"]}